
use ims_system;

INSERT INTO Categories (category_name, description) VALUES
('Electronics', 'Electronic items and accessories'),
('Furniture', 'Home and office furniture'),
('Groceries', 'Daily-use food and kitchen items'),
('Hardware Tools', 'Tools and construction accessories'),
('Clothing', 'Clothing and fashion items'),
('Sports', 'Sports equipment and accessories'),
('Stationery', 'Office and school stationery'),
('Cosmetics', 'Beauty and personal care products'),
('Automotive Parts', 'Vehicle parts and accessories'),
('Beverages', 'Soft drinks, juices, and beverages'),
('Footwear', 'Shoes, sandals, and boots'),
('Baby Products', 'Baby care items and toys'),
('Kitchen Appliances', 'Small and large kitchen appliances'),
('Mobile Accessories', 'Cables, chargers, earphones'),
('Computer Accessories', 'Computer peripherals and gadgets'),
('Garden Supplies', 'Gardening tools and plants'),
('Cleaning Supplies', 'Home and industrial cleaning items'),
('Pet Supplies', 'Food and accessories for pets'),
('Books', 'Educational and general books'),
('Gaming', 'Gaming consoles and accessories'),
('Home Decor', 'Home decoration and design items'),
('Lighting', 'Bulbs, LED strips, and lights'),
('Medical Supplies', 'Basic medical and health items'),
('Fitness Equipment', 'Gym tools and fitness gadgets'),
('Snacks', 'Packaged snacks and quick bites'),
('Jewellery', 'Fashion and imitation jewellery'),
('Accessories', 'General fashionable accessories'),
('Gadgets', 'Consumer tech gadgets'),
('Craft Items', 'DIY craft materials'),
('Travel Items', 'Bags, trolleys, and travel tools'),
('Musical Instruments', 'Instruments and accessories'),
('Smart Home', 'IoT and home automation items'),
('Office Equipment', 'Office-use machinery and tools'),
('Industrial Tools', 'Heavy-duty industrial tools'),
('Health Care', 'Wellness and health items'),
('Bakery Items', 'Cakes, cookies and bakery stock'),
('Organic Products', 'Organic food and eco items'),
('Seasonal Items', 'Holiday and seasonal products'),
('Electronics Repair Parts', 'Spare and repair parts'),
('Beauty Tools', 'Salons and beauty equipment'),
('Gift Items', 'Gift and novelty items'),
('Household Items', 'Daily-use house products'),
('Electrical Items', 'Electrical cables and fittings'),
('Mobile Phones', 'Smartphones and feature phones'),
('Canned Food', 'Canned and preserved food'),
('Dry Fruits', 'Nuts and dry fruits'),
('Home Safety', 'CCTV and safety items'),
('Watches', 'Smartwatches and digital watches'),
('Bags', 'Backpacks, handbags and office bags'),
('Perfumes', 'Perfumes and scented body sprays');


INSERT INTO Suppliers (supplier_name, contact_number, email, address) VALUES
('Sree Electronics', '9876500001', 'sreeelectronics@mail.com', 'Chennai'),
('Royal Furnitures', '9876500002', 'royalfurn@mail.com', 'Coimbatore'),
('FreshMart Foods', '9876500003', 'freshmart@mail.com', 'Madurai'),
('ToolMax Hardware', '9876500004', 'toolmax@mail.com', 'Tiruppur'),
('WearWell Clothing', '9876500005', 'wearwell@mail.com', 'Salem'),
('MegaTech Distributors', '9876500006', 'megatech@mail.com', 'Chennai'),
('Prime Plastics', '9876500007', 'primeplast@mail.com', 'Erode'),
('GreenLeaf Organics', '9876500008', 'greenleaf@mail.com', 'Coimbatore'),
('Urban Steel Works', '9876500009', 'urbansteel@mail.com', 'Trichy'),
('Sunrise Bakers', '9876500010', 'sunrisebakers@mail.com', 'Madurai'),
('Elite Electronics', '9876500011', 'eliteelec@mail.com', 'Chennai'),
('Bright Lights Co', '9876500012', 'brightlights@mail.com', 'Salem'),
('SuperFresh Grocers', '9876500013', 'superfresh@mail.com', 'Coimbatore'),
('AquaPure Systems', '9876500014', 'aquapure@mail.com', 'Chennai'),
('Steelline Tools', '9876500015', 'steelline@mail.com', 'Tirunelveli'),
('Glory Garments', '9876500016', 'glorygarments@mail.com', 'Madurai'),
('NextGen Computers', '9876500017', 'nextgencomp@mail.com', 'Chennai'),
('Advance Stationery', '9876500018', 'advstationery@mail.com', 'Thanjavur'),
('StarHome Furnishings', '9876500019', 'starhome@mail.com', 'Coimbatore'),
('FreshField Agriculture', '9876500020', 'freshfield@mail.com', 'Salem'),
('TechnoMobile Pvt Ltd', '9876500021', 'technomobile@mail.com', 'Chennai'),
('Comfort Chairs Ltd', '9876500022', 'comfortchairs@mail.com', 'Madurai'),
('DailyNeeds Foods', '9876500023', 'dailyneeds@mail.com', 'Trichy'),
('ProCraft Tools', '9876500024', 'procraft@mail.com', 'Tiruppur'),
('FashionWorld Textiles', '9876500025', 'fashionworld@mail.com', 'Coimbatore'),
('DigitalEra Tech', '9876500026', 'digitalera@mail.com', 'Chennai'),
('CityFresh Wholesalers', '9876500027', 'cityfresh@mail.com', 'Madurai'),
('GoldLine Hardware', '9876500028', 'goldline@mail.com', 'Salem'),
('PureFoods Organics', '9876500029', 'purefoods@mail.com', 'Erode'),
('MetroStyle Clothing', '9876500030', 'metrostyle@mail.com', 'Chennai'),
('QuickFix Tools', '9876500031', 'quickfix@mail.com', 'Trichy'),
('SuperSteel Traders', '9876500032', 'supersteel@mail.com', 'Coimbatore'),
('Agrino Farmers Hub', '9876500033', 'agrino@mail.com', 'Theni'),
('PerfectPrint Stationers', '9876500034', 'perfectprint@mail.com', 'Chennai'),
('OceanFresh Supplies', '9876500035', 'oceanfresh@mail.com', 'Tuticorin'),
('RidgeView Electronics', '9876500036', 'ridgeview@mail.com', 'Madurai'),
('SmartStyle Apparel', '9876500037', 'smartstyle@mail.com', 'Coimbatore'),
('PowerMax Electric Co', '9876500038', 'powermax@mail.com', 'Trichy'),
('DailyHarvest Foods', '9876500039', 'dailyharvest@mail.com', 'Chennai'),
('HomePro Furnishing', '9876500040', 'homepro@mail.com', 'Salem'),
('StrongTech Tools', '9876500041', 'strongtech@mail.com', 'Erode'),
('EverGreen Agro', '9876500042', 'evergreen@mail.com', 'Coimbatore'),
('UrbanStyle Fashion', '9876500043', 'urbanstyle@mail.com', 'Chennai'),
('ProLight LED Co', '9876500044', 'prolight@mail.com', 'Madurai'),
('SoftNest Bedding', '9876500045', 'softnest@mail.com', 'Tiruppur'),
('EcoFresh Organics', '9876500046', 'ecofresh@mail.com', 'Salem'),
('MaxWatt Appliances', '9876500047', 'maxwatt@mail.com', 'Chennai'),
('PrimeTools Industries', '9876500048', 'primetools@mail.com', 'Trichy'),
('FamilyMart Grocery', '9876500049', 'familymart@mail.com', 'Madurai'),
('GoldenWear Clothing', '9876500050', 'goldenwear@mail.com', 'Coimbatore');

INSERT INTO Warehouses (warehouse_name, location) VALUES
('Warehouse Chennai North', 'Chennai'),
('Warehouse Chennai South', 'Chennai'),
('Warehouse Chennai East', 'Chennai'),
('Warehouse Chennai West', 'Chennai'),
('Warehouse Coimbatore Central', 'Coimbatore'),
('Warehouse Coimbatore East', 'Coimbatore'),
('Warehouse Coimbatore West', 'Coimbatore'),
('Warehouse Madurai North', 'Madurai'),
('Warehouse Madurai South', 'Madurai'),
('Warehouse Madurai Central', 'Madurai'),
('Warehouse Trichy Main', 'Trichy'),
('Warehouse Trichy Industrial Zone', 'Trichy'),
('Warehouse Salem East', 'Salem'),
('Warehouse Salem West', 'Salem'),
('Warehouse Tiruppur Main', 'Tiruppur'),
('Warehouse Tiruppur South', 'Tiruppur'),
('Warehouse Erode City', 'Erode'),
('Warehouse Erode Industrial', 'Erode'),
('Warehouse Thanjavur Central', 'Thanjavur'),
('Warehouse Thanjavur East', 'Thanjavur'),
('Warehouse Tuticorin Port', 'Tuticorin'),
('Warehouse Tuticorin Town', 'Tuticorin'),
('Warehouse Nagercoil Central', 'Nagercoil'),
('Warehouse Nagercoil South', 'Nagercoil'),
('Warehouse Theni Market', 'Theni'),
('Warehouse Theni North', 'Theni'),
('Warehouse Vellore City', 'Vellore'),
('Warehouse Vellore Industrial', 'Vellore'),
('Warehouse Karur Central', 'Karur'),
('Warehouse Karur South', 'Karur'),
('Warehouse Dharmapuri Main', 'Dharmapuri'),
('Warehouse Dharmapuri Industrial', 'Dharmapuri'),
('Warehouse Villupuram City', 'Villupuram'),
('Warehouse Villupuram South', 'Villupuram'),
('Warehouse Kanchipuram Main', 'Kanchipuram'),
('Warehouse Kanchipuram West', 'Kanchipuram'),
('Warehouse Puducherry City', 'Puducherry'),
('Warehouse Puducherry Industrial', 'Puducherry'),
('Warehouse Tirunelveli Town', 'Tirunelveli'),
('Warehouse Tirunelveli West', 'Tirunelveli'),
('Warehouse Ramanathapuram', 'Ramanathapuram'),
('Warehouse Sivakasi Fireworks Zone', 'Sivakasi'),
('Warehouse Hosur Industrial', 'Hosur'),
('Warehouse Hosur City', 'Hosur'),
('Warehouse Cuddalore Port', 'Cuddalore'),
('Warehouse Cuddalore Industrial', 'Cuddalore'),
('Warehouse Ariyalur Main', 'Ariyalur'),
('Warehouse Krishnagiri Highway', 'Krishnagiri'),
('Warehouse Krishnagiri City', 'Krishnagiri'),
('Warehouse Krishnagiri Town', 'Krishnagiri');



INSERT INTO Customers (customer_name, phone, email, address) VALUES
('Arun Kumar', '9500000001', 'arun.kumar@mail.com', 'Chennai'),
('Meena Lakshmi', '9500000002', 'meena.lk@mail.com', 'Coimbatore'),
('Rajesh K', '9500000003', 'rajesh.k@mail.com', 'Madurai'),
('Kavitha R', '9500000004', 'kavitha.r@mail.com', 'Salem'),
('Rahul D', '9500000005', 'rahul.d@mail.com', 'Trichy'),
('Hari Prasath', '9500000006', 'hari.p@mail.com', 'Erode'),
('Sanjay B', '9500000007', 'sanjay.b@mail.com', 'Tiruppur'),
('Divya S', '9500000008', 'divya.s@mail.com', 'Chennai'),
('Vignesh R', '9500000009', 'vigneshr@mail.com', 'Madurai'),
('Anitha P', '9500000010', 'anitha.p@mail.com', 'Coimbatore'),
('Karthik M', '9500000011', 'karthik.m@mail.com', 'Chennai'),
('Saranya R', '9500000012', 'saranya.r@mail.com', 'Salem'),
('Vasanth K', '9500000013', 'vasanth.k@mail.com', 'Tirunelveli'),
('Lavanya S', '9500000014', 'lavanya.s@mail.com', 'Coimbatore'),
('Prakash D', '9500000015', 'prakash.d@mail.com', 'Chennai'),
('Rohit V', '9500000016', 'rohit.v@mail.com', 'Erode'),
('Monika J', '9500000017', 'monika.j@mail.com', 'Tiruppur'),
('Bala Subramani', '9500000018', 'bala.s@mail.com', 'Madurai'),
('Keerthana R', '9500000019', 'keerthana.r@mail.com', 'Trichy'),
('Suresh M', '9500000020', 'suresh.m@mail.com', 'Salem'),
('Janani P', '9500000021', 'janani.p@mail.com', 'Chennai'),
('Manikandan R', '9500000022', 'mani.r@mail.com', 'Coimbatore'),
('Riya S', '9500000023', 'riya.s@mail.com', 'Erode'),
('Aravind K', '9500000024', 'aravind.k@mail.com', 'Madurai'),
('Swathi L', '9500000025', 'swathi.l@mail.com', 'Chennai'),
('Vikram S', '9500000026', 'vikram.s@mail.com', 'Salem'),
('Poornima G', '9500000027', 'poornima.g@mail.com', 'Tiruppur'),
('Sathish R', '9500000028', 'sathish.r@mail.com', 'Madurai'),
('Harini P', '9500000029', 'harini.p@mail.com', 'Trichy'),
('Naveen J', '9500000030', 'naveen.j@mail.com', 'Chennai'),
('Shruthi S', '9500000031', 'shruthi.s@mail.com', 'Erode'),
('Imran K', '9500000032', 'imran.k@mail.com', 'Coimbatore'),
('Anusha M', '9500000033', 'anusha.m@mail.com', 'Salem'),
('Kishore V', '9500000034', 'kishore.v@mail.com', 'Madurai'),
('Gayathri S', '9500000035', 'gayathri.s@mail.com', 'Chennai'),
('Mohanraj R', '9500000036', 'mohanraj.r@mail.com', 'Tirunelveli'),
('Priya V', '9500000037', 'priya.v@mail.com', 'Coimbatore'),
('Ashwin T', '9500000038', 'ashwin.t@mail.com', 'Trichy'),
('Revathi L', '9500000039', 'revathi.l@mail.com', 'Chennai'),
('Siddharth M', '9500000040', 'siddharth.m@mail.com', 'Salem'),
('Yamini P', '9500000041', 'yamini.p@mail.com', 'Erode'),
('Vishal D', '9500000042', 'vishal.d@mail.com', 'Madurai'),
('Bhavani S', '9500000043', 'bhavani.s@mail.com', 'Coimbatore'),
('Lokesh R', '9500000044', 'lokesh.r@mail.com', 'Chennai'),
('Nandhini V', '9500000045', 'nandhini.v@mail.com', 'Tiruppur'),
('Ramesh K', '9500000046', 'ramesh.k@mail.com', 'Trichy'),
('Aishwarya J', '9500000047', 'aishwarya.j@mail.com', 'Chennai'),
('Vijay P', '9500000048', 'vijay.p@mail.com', 'Madurai'),
('Krithika G', '9500000049', 'krithika.g@mail.com', 'Coimbatore'),
('Deepak M', '9500000050', 'deepak.m@mail.com', 'Salem');

INSERT INTO Products (product_name, category_id, cost_price, selling_price, reorder_level) VALUES
('Samsung 24-inch Monitor', 1, 6500, 8200, 10),
('LG 32-inch LED TV', 1, 12000, 15000, 8),
('Bluetooth Speaker Mini', 1, 700, 1200, 20),
('Office Table Wooden', 2, 3500, 4800, 5),
('Executive Office Chair', 2, 2500, 3500, 5),
('Rice Bag 25kg Premium', 3, 1100, 1500, 25),
('Wheat Flour 10kg Pack', 3, 350, 550, 30),
('Hammer Steel Handle', 4, 200, 340, 15),
('Screwdriver Set (6 pcs)', 4, 150, 300, 12),
('Allen Key Set (8 pcs)', 4, 180, 320, 15),
('Cotton Men T-Shirt', 5, 180, 350, 40),
('Women Kurti Casual', 5, 300, 550, 35),
('Cricket Bat English Willow', 6, 2200, 3500, 8),
('Football Size 5', 6, 450, 800, 20),
('Notebook 200 Pages', 7, 25, 60, 50),
('Pen Blue Ballpoint', 7, 4, 10, 200),
('Lipstick Matte Red', 8, 120, 250, 25),
('Face Cream Daily Use', 8, 75, 150, 30),
('Car Engine Oil 1L', 9, 350, 550, 10),
('Bike Chain Lube', 9, 90, 150, 20),
('Coca Cola 1.25L', 10, 30, 45, 40),
('Real Orange Juice 1L', 10, 70, 110, 35),
('Formal Shoes Men', 11, 750, 1200, 25),
('Sports Shoes Unisex', 11, 900, 1500, 20),
('Baby Diapers Pack XL', 12, 450, 750, 25),
('Baby Soap Mild', 12, 30, 60, 50),
('Mixer Grinder 750W', 13, 2200, 3200, 8),
('Electric Kettle 2L', 13, 600, 950, 15),
('Phone Charging Cable', 14, 45, 120, 60),
('USB Type-C Charger', 14, 250, 450, 35),
('Keyboard USB Wired', 15, 300, 550, 20),
('Computer Mouse Wireless', 15, 250, 450, 25),
('Garden Watering Can', 16, 200, 380, 15),
('Gardening Gloves', 16, 60, 120, 40),
('Floor Cleaner Liquid 1L', 17, 75, 150, 30),
('Detergent Powder 5kg', 17, 210, 350, 20),
('Dog Food 5kg Pack', 18, 500, 850, 15),
('Cat Litter 10kg Bag', 18, 350, 650, 20),
('Novel - "The Story Begins"', 19, 120, 250, 10),
('Study Guide Class 10', 19, 180, 350, 20),
('Gaming Keyboard RGB', 20, 850, 1500, 12),
('Gaming Mouse 7D', 20, 650, 1200, 15),
('Wall Painting Canvas', 21, 400, 750, 10),
('LED Decorative Lamp', 21, 550, 900, 12),
('LED Bulb 12W', 22, 75, 150, 50),
('Smart Tube Light 20W', 22, 450, 800, 20),
('Medical Gloves Pack', 23, 120, 200, 40),
('Digital Thermometer', 23, 150, 300, 25),
('Treadmill Home Use', 24, 12000, 18000, 5),
('Dumbbell Set 10kg', 24, 800, 1500, 10);


INSERT INTO ProductSuppliers (product_id, supplier_id, lead_time_days, last_price) VALUES
(1, 1, 3, 6400),
(2, 2, 4, 11500),
(3, 3, 2, 650),
(4, 4, 5, 3000),
(5, 5, 3, 2200),
(6, 3, 2, 900),
(7, 12, 3, 290),
(8, 24, 4, 180),
(9, 28, 4, 250),
(10, 4, 5, 260),
(11, 25, 6, 150),
(12, 45, 6, 300),
(13, 14, 7, 2600),
(14, 44, 4, 650),
(15, 18, 4, 20),
(16, 18, 3, 6),
(17, 8, 5, 150),
(18, 8, 4, 80),
(19, 9, 2, 400),
(20, 9, 3, 70),
(21, 10, 2, 25),
(22, 10, 2, 60),
(23, 11, 4, 550),
(24, 11, 5, 900),
(25, 16, 3, 300),
(26, 16, 3, 18),
(27, 13, 7, 2400),
(28, 13, 5, 500),
(29, 14, 4, 35),
(30, 14, 4, 180),
(31, 17, 3, 120),
(32, 17, 3, 220),
(33, 20, 6, 140),
(34, 20, 5, 50),
(35, 24, 6, 60),
(36, 24, 5, 150),
(37, 18, 4, 350),
(38, 18, 3, 120),
(39, 19, 2, 100),
(40, 19, 3, 180),
(41, 20, 5, 700),
(42, 20, 4, 500),
(43, 21, 6, 450),
(44, 21, 4, 850),
(45, 23, 3, 90),
(46, 23, 3, 120),
(47, 28, 7, 900),
(48, 28, 5, 350),
(49, 30, 6, 100),
(50, 30, 7, 250);

INSERT INTO Inventory (product_id, warehouse_id, current_stock) VALUES
(1, 1, 45),
(2, 2, 30),
(3, 3, 120),
(4, 4, 55),
(5, 5, 140),
(6, 6, 200),
(7, 7, 180),
(8, 8, 75),
(9, 9, 90),
(10, 10, 110),
(11, 11, 250),
(12, 12, 95),
(13, 13, 60),
(14, 14, 130),
(15, 15, 500),
(16, 16, 210),
(17, 17, 140),
(18, 18, 70),
(19, 19, 85),
(20, 20, 66),
(21, 21, 300),
(22, 22, 260),
(23, 23, 110),
(24, 24, 140),
(25, 25, 95),
(26, 26, 160),
(27, 27, 120),
(28, 28, 60),
(29, 29, 72),
(30, 30, 150),
(31, 31, 210),
(32, 32, 240),
(33, 33, 66),
(34, 34, 55),
(35, 35, 175),
(36, 36, 198),
(37, 37, 122),
(38, 38, 80),
(39, 39, 60),
(40, 40, 95),
(41, 41, 105),
(42, 42, 150),
(43, 43, 175),
(44, 44, 225),
(45, 45, 140),
(46, 46, 166),
(47, 47, 77),
(48, 48, 88),
(49, 49, 200),
(50, 50, 350);


INSERT INTO Orders (customer_id, order_date, order_status) VALUES
(1,  DATE_SUB(NOW(), INTERVAL 1 DAY),  'Delivered'),
(2,  DATE_SUB(NOW(), INTERVAL 2 DAY),  'Pending'),
(3,  DATE_SUB(NOW(), INTERVAL 3 DAY),  'Cancelled'),
(4,  DATE_SUB(NOW(), INTERVAL 4 DAY),  'Shipped'),
(5,  DATE_SUB(NOW(), INTERVAL 5 DAY),  'Processing'),
(6,  DATE_SUB(NOW(), INTERVAL 6 DAY),  'Delivered'),
(7,  DATE_SUB(NOW(), INTERVAL 7 DAY),  'Pending'),
(8,  DATE_SUB(NOW(), INTERVAL 8 DAY),  'Cancelled'),
(9,  DATE_SUB(NOW(), INTERVAL 9 DAY),  'Shipped'),
(10, DATE_SUB(NOW(), INTERVAL 10 DAY), 'Processing'),
(11, DATE_SUB(NOW(), INTERVAL 11 DAY), 'Delivered'),
(12, DATE_SUB(NOW(), INTERVAL 12 DAY), 'Pending'),
(13, DATE_SUB(NOW(), INTERVAL 13 DAY), 'Cancelled'),
(14, DATE_SUB(NOW(), INTERVAL 14 DAY), 'Shipped'),
(15, DATE_SUB(NOW(), INTERVAL 15 DAY), 'Processing'),
(16, DATE_SUB(NOW(), INTERVAL 16 DAY), 'Delivered'),
(17, DATE_SUB(NOW(), INTERVAL 17 DAY), 'Pending'),
(18, DATE_SUB(NOW(), INTERVAL 18 DAY), 'Cancelled'),
(19, DATE_SUB(NOW(), INTERVAL 19 DAY), 'Shipped'),
(20, DATE_SUB(NOW(), INTERVAL 20 DAY), 'Processing'),
(21, DATE_SUB(NOW(), INTERVAL 21 DAY), 'Delivered'),
(22, DATE_SUB(NOW(), INTERVAL 22 DAY), 'Pending'),
(23, DATE_SUB(NOW(), INTERVAL 23 DAY), 'Cancelled'),
(24, DATE_SUB(NOW(), INTERVAL 24 DAY), 'Shipped'),
(25, DATE_SUB(NOW(), INTERVAL 25 DAY), 'Processing'),
(26, DATE_SUB(NOW(), INTERVAL 26 DAY), 'Delivered'),
(27, DATE_SUB(NOW(), INTERVAL 27 DAY), 'Pending'),
(28, DATE_SUB(NOW(), INTERVAL 28 DAY), 'Cancelled'),
(29, DATE_SUB(NOW(), INTERVAL 29 DAY), 'Shipped'),
(30, DATE_SUB(NOW(), INTERVAL 30 DAY), 'Processing'),
(31, DATE_SUB(NOW(), INTERVAL 31 DAY), 'Delivered'),
(32, DATE_SUB(NOW(), INTERVAL 32 DAY), 'Pending'),
(33, DATE_SUB(NOW(), INTERVAL 33 DAY), 'Cancelled'),
(34, DATE_SUB(NOW(), INTERVAL 34 DAY), 'Shipped'),
(35, DATE_SUB(NOW(), INTERVAL 35 DAY), 'Processing'),
(36, DATE_SUB(NOW(), INTERVAL 36 DAY), 'Delivered'),
(37, DATE_SUB(NOW(), INTERVAL 37 DAY), 'Pending'),
(38, DATE_SUB(NOW(), INTERVAL 38 DAY), 'Cancelled'),
(39, DATE_SUB(NOW(), INTERVAL 39 DAY), 'Shipped'),
(40, DATE_SUB(NOW(), INTERVAL 40 DAY), 'Processing'),
(41, DATE_SUB(NOW(), INTERVAL 41 DAY), 'Delivered'),
(42, DATE_SUB(NOW(), INTERVAL 42 DAY), 'Pending'),
(43, DATE_SUB(NOW(), INTERVAL 43 DAY), 'Cancelled'),
(44, DATE_SUB(NOW(), INTERVAL 44 DAY), 'Shipped'),
(45, DATE_SUB(NOW(), INTERVAL 45 DAY), 'Processing'),
(46, DATE_SUB(NOW(), INTERVAL 46 DAY), 'Delivered'),
(47, DATE_SUB(NOW(), INTERVAL 47 DAY), 'Pending'),
(48, DATE_SUB(NOW(), INTERVAL 48 DAY), 'Cancelled'),
(49, DATE_SUB(NOW(), INTERVAL 49 DAY), 'Shipped'),
(50, DATE_SUB(NOW(), INTERVAL 50 DAY), 'Processing');


INSERT INTO order_items (order_id, product_id, quantity, price_at_order) VALUES
(1,  3,  2, 1500),
(2,  7,  5, 550),
(3,  12, 3, 550),
(4,  1,  1, 8200),
(5,  4,  4, 340),
(6,  15, 6, 60),
(7,  22, 3, 110),
(8,  8,  2, 300),
(9,  10, 1, 110),
(10, 18, 2, 150),
(11, 5,  1, 3500),
(12, 25, 2, 750),
(13, 31, 4, 450),
(14, 41, 3, 1500),
(15, 9,  2, 250),
(16, 32, 1, 450),
(17, 17, 3, 250),
(18, 6,  5, 1500),
(19, 21, 2, 45),
(20, 14, 3, 650),
(21, 11, 2, 350),
(22, 13, 1, 3500),
(23, 16, 4, 120),
(24, 30, 3, 450),
(25, 27, 1, 3200),
(26, 37, 2, 350),
(27, 19, 3, 550),
(28, 20, 1, 150),
(29, 23, 2, 1200),
(30, 24, 3, 900),
(31, 28, 1, 950),
(32, 29, 4, 120),
(33, 33, 2, 380),
(34, 35, 3, 150),
(35, 36, 1, 350),
(36, 39, 2, 250),
(37, 40, 3, 750),
(38, 42, 1, 800),
(39, 45, 5, 150),
(40, 46, 4, 200),
(41, 47, 2, 350),
(42, 48, 1, 180),
(43, 26, 3, 18),
(44, 34, 2, 55),
(45, 44, 1, 900),
(46, 49, 2, 200),
(47, 2,  1, 15000),
(48, 38, 4, 650),
(49, 43, 2, 500),
(50, 50, 3, 1500);

INSERT INTO StockMovements
(product_id, warehouse_id, supplier_id, movement_type, quantity, movement_date) VALUES
(1,  1,  1,  'IN',  20, DATE_SUB(NOW(), INTERVAL 1 DAY)),
(2,  2,  2,  'OUT',  5, DATE_SUB(NOW(), INTERVAL 2 DAY)),
(3,  3,  3,  'IN',  50, DATE_SUB(NOW(), INTERVAL 3 DAY)),
(4,  4,  4,  'OUT', 10, DATE_SUB(NOW(), INTERVAL 4 DAY)),
(5,  5,  5,  'IN',  40, DATE_SUB(NOW(), INTERVAL 5 DAY)),
(6,  6,  6,  'IN',  30, DATE_SUB(NOW(), INTERVAL 6 DAY)),
(7,  7,  7,  'OUT', 12, DATE_SUB(NOW(), INTERVAL 7 DAY)),
(8,  8,  8,  'IN',  25, DATE_SUB(NOW(), INTERVAL 8 DAY)),
(9,  9,  9,  'OUT', 15, DATE_SUB(NOW(), INTERVAL 9 DAY)),
(10, 10, 10, 'IN',  60, DATE_SUB(NOW(), INTERVAL 10 DAY)),
(11, 11, 11, 'IN',  35, DATE_SUB(NOW(), INTERVAL 11 DAY)),
(12, 12, 12, 'OUT',  8, DATE_SUB(NOW(), INTERVAL 12 DAY)),
(13, 13, 13, 'IN',  70, DATE_SUB(NOW(), INTERVAL 13 DAY)),
(14, 14, 14, 'OUT', 14, DATE_SUB(NOW(), INTERVAL 14 DAY)),
(15, 15, 15, 'IN',  90, DATE_SUB(NOW(), INTERVAL 15 DAY)),
(16, 16, 16, 'OUT', 18, DATE_SUB(NOW(), INTERVAL 16 DAY)),
(17, 17, 17, 'IN',  55, DATE_SUB(NOW(), INTERVAL 17 DAY)),
(18, 18, 18, 'IN',  42, DATE_SUB(NOW(), INTERVAL 18 DAY)),
(19, 19, 19, 'OUT',  9, DATE_SUB(NOW(), INTERVAL 19 DAY)),
(20, 20, 20, 'IN',  33, DATE_SUB(NOW(), INTERVAL 20 DAY)),
(21, 21, 21, 'OUT',  4, DATE_SUB(NOW(), INTERVAL 21 DAY)),
(22, 22, 22, 'IN', 120, DATE_SUB(NOW(), INTERVAL 22 DAY)),
(23, 23, 23, 'OUT',  6, DATE_SUB(NOW(), INTERVAL 23 DAY)),
(24, 24, 24, 'IN',  44, DATE_SUB(NOW(), INTERVAL 24 DAY)),
(25, 25, 25, 'IN',  38, DATE_SUB(NOW(), INTERVAL 25 DAY)),
(26, 26, 26, 'OUT',  7, DATE_SUB(NOW(), INTERVAL 26 DAY)),
(27, 27, 27, 'IN',  65, DATE_SUB(NOW(), INTERVAL 27 DAY)),
(28, 28, 28, 'IN',  90, DATE_SUB(NOW(), INTERVAL 28 DAY)),
(29, 29, 29, 'OUT', 15, DATE_SUB(NOW(), INTERVAL 29 DAY)),
(30, 30, 30, 'IN', 110, DATE_SUB(NOW(), INTERVAL 30 DAY)),
(31, 31, 31, 'OUT', 12, DATE_SUB(NOW(), INTERVAL 31 DAY)),
(32, 32, 32, 'IN',  55, DATE_SUB(NOW(), INTERVAL 32 DAY)),
(33, 33, 33, 'IN',  29, DATE_SUB(NOW(), INTERVAL 33 DAY)),
(34, 34, 34, 'OUT',  6, DATE_SUB(NOW(), INTERVAL 34 DAY)),
(35, 35, 35, 'IN',  98, DATE_SUB(NOW(), INTERVAL 35 DAY)),
(36, 36, 36, 'IN',  25, DATE_SUB(NOW(), INTERVAL 36 DAY)),
(37, 37, 37, 'OUT', 10, DATE_SUB(NOW(), INTERVAL 37 DAY)),
(38, 38, 38, 'IN',  70, DATE_SUB(NOW(), INTERVAL 38 DAY)),
(39, 39, 39, 'OUT',  5, DATE_SUB(NOW(), INTERVAL 39 DAY)),
(40, 40, 40, 'IN',  45, DATE_SUB(NOW(), INTERVAL 40 DAY)),
(41, 41, 41, 'OUT',  9, DATE_SUB(NOW(), INTERVAL 41 DAY)),
(42, 42, 42, 'IN',  28, DATE_SUB(NOW(), INTERVAL 42 DAY)),
(43, 43, 43, 'IN',  90, DATE_SUB(NOW(), INTERVAL 43 DAY)),
(44, 44, 44, 'OUT', 13, DATE_SUB(NOW(), INTERVAL 44 DAY)),
(45, 45, 45, 'IN',  38, DATE_SUB(NOW(), INTERVAL 45 DAY)),
(46, 46, 46, 'OUT',  3, DATE_SUB(NOW(), INTERVAL 46 DAY)),
(47, 47, 47, 'IN',  84, DATE_SUB(NOW(), INTERVAL 47 DAY)),
(48, 48, 48, 'IN',  22, DATE_SUB(NOW(), INTERVAL 48 DAY)),
(49, 49, 49, 'OUT',  8, DATE_SUB(NOW(), INTERVAL 49 DAY)),
(50, 50, 50, 'IN', 105, DATE_SUB(NOW(), INTERVAL 50 DAY));